Job Role	Job Location	Sentence
0:Note: By applying to this position you will have an opportunity to share your preferred working location from the following: 
 Seattle, WA, USA; Kirkland, WA,1:USA.2:Minimum qualifications:
  
  Bachelor's degree or equivalent practical3:experience.4:8 years of experience in software development, and with data5:structures/algorithms.6:5 years of experience testing, and launching software products, and 3 years of experience with software design and7:architecture.8:5 years of experience building and developing large-scale infrastructure, distributed systems or networks, or experience with compute technologies, storage, or hardware9:architecture.10:Preferred qualifications:
  
  Master’s degree or PhD in Engineering, Computer Science, or a related technical11:field.12:3 years of experience in a technical leadership role leading project teams and setting technical13:direction.14:3 years of experience working in a complex, matrixed organization involving cross-functional, and/or cross-business15:projects.16:About the job
   Google's software engineers develop the next-generation technologies that change how billions of users connect, explore, and interact with information and one17:another.18:Our products need to handle information at massive scale, and extend well beyond web search.19:We're looking for engineers who bring fresh ideas from all areas, including information retrieval, distributed computing, large-scale system design, networking and data storage, security, artificial intelligence, natural language processing, UI design and mobile; the list goes on and is growing every day.20:As a software engineer, you will work on a specific project critical to Google’s needs with opportunities to switch teams and projects as you and our fast-paced business grow and evolve.21:We need our engineers to be versatile, display leadership qualities and be enthusiastic to take on new problems across the full-stack as we continue to push technology forward.22:With your technical expertise you will manage project priorities, deadlines, and deliverables.23:You will design, develop, test, deploy, maintain, and enhance software solutions.24:Google Cloud accelerates organizations’ ability to digitally transform their business with the best infrastructure, platform, industry solutions and25:expertise.26:We deliver enterprise-grade solutions that leverage Google’s cutting-edge technology – all on the cleanest cloud in the industry.27:Customers in more than 200 countries and territories turn to Google Cloud as their trusted partner to enable growth and solve their most critical business problems.28:The US base salary range for this full-time position is $185,000-$283,000 + bonus + equity + benefits.29:Our salary ranges are determined by role, level, and location.30:The range displayed on each job posting reflects the minimum and maximum target for new hire salaries for the position across all US locations.31:Within the range, individual pay is determined by work location and additional factors, including job-related skills, experience, and relevant education or training.32:Your recruiter can share more about the specific salary range for your preferred location during the hiring process.33:Please note that the compensation details listed in US role postings reflect the base salary only, and do not include bonus, equity, or34:benefits.35:Learn more about benefits at Google.36:Responsibilities
   
   Provide technical leadership on high-impact37:projects.38:Influence and coach a distributed team of39:engineers.40:Facilitate alignment and clarity across teams on goals, outcomes, and41:timelines.42:Manage project priorities, deadlines, and43:deliverables.44:Design, develop, test, deploy, maintain, and enhance large scale software45:solutions.46:Google is proud to be an equal opportunity workplace and is an affirmative action47:employer.48:We are committed to equal employment opportunity regardless of race, color, ancestry, religion, sex, national origin, sexual orientation, age, citizenship, marital status, disability, gender identity or Veteran status.49:We also consider qualified applicants regardless of criminal histories, consistent with legal requirements.50:See also Google's EEO Policy and EEO is the Law.51:If you have a disability or special need that requires accommodation, please let us know by completing our Accommodations for Applicants form.0:We're seeking a Cloud Engineer that builds and maintains cloud1:infrastructure.2:This position is located in Irving, TX.3:Requirements
  
  Knowledge of the primary AWS services (EC2, ELB, RDS, Route53, S3, vpc, vpn, tgw) 
  Strong track record of implementing AWS services in a variety of distributed computing environments 
  Leading highly-available and fault-tolerant enterprise and web-scale software deployments 
  Large scale migration experience Data Center to Data Center and/or Data Center to Cloud 
  Infrastructure automation through DevOps scripting4:(E.g.5:shell, Python, Ruby, Powershell) 
  Hands on experience in terraform/Cloudformation 
  Configuration management using CloudFormation, Chef & Puppet 
  Strong practical Linux and Windows-based systems administration skills in a Cloud or Virtualized environment 
  Experience managing data center operations, including data assurance, monitoring, alerting and notifications 
  Demonstrated ability to think strategically about business, product, and technical challenges 
 
 Required Skills: AWS Infrastructure services, Architecture, Terraform/Cloudformation, Python/Ruby/Go/Java-springboot0:Starbucks Global Cyber Security Group is responsible for engineering and designing Identity and Access Management and Security systems to meet business requirement, goals and objectives encompassing wide range technologies that are in accordance with Starbucks Strategy & Architecture standards and1:guidelines.2:The Information Security Engineer senior will develop tools and processes according to architectural guidelines with little oversight by senior members of the team, identify weaknesses in our tooling that will drive changes to the overall architecture, and work as a liaison to architects, business and IT teams to ensure that identity management and security principals are applied to the technology platforms and information within the organization in accordance with established standards and3:policies.4:Models and acts in accordance with Starbucks guiding principles.5:SUMMARY OF KEY RESPONSIBILITIES
  
  
 
   Provides technical design, development, validation, support, and system administration for large enterprise Identity Management environment for services like:
  
 
   Identity Lifecycle Management, 
 
 
   Identity Federation (OIDC, SAML, WS-*, etc), 
 
 
   MultiFactor Authentication, 
 
 
   Cloud Identity Services, 
 
 
   Virtual Directory Services, and/or
  
 
   Active Directory Domain Services
  
 
   Analyzes and improve a process with a bias toward automation
  
 
   Participates and leads the efforts to build out continuous integration and automated deployment pipelines
  
 
   Implements automated testing and automated compliance checks
  
 
   Design test cases and scenarios
  
 
   Improves application development compliance through automation
  
 
   Develops tools and framework to improve operational efficiency and anomaly detection
  
 
   Collaborates and communicates effectively with other team members at multiple levels of the organization
  
 
   Participates on cross-functional project teams, providing subject matter expertise and ensuring that new system objects are supported by developing administrative6:procedures.7:Provides third-level production support for Identity Management environment, including after-hours on-call8:support.9:REQUIRED KNOWLEDGE
  
  
 
   5+ years of professional experience with demonstrated progressive responsibility in IAM technologies integration and validation
  
 
   Hands-on experience using automation tools 
 
 
   Thorough familiarity with IAM industry standards and specifications10:(e.g.11:oAuth, Open ID Connect, SAML, FIDO, SCIM) 
 
 
   Experience in Test-driven development (TDD)
  
 
   Knowledge of software development principles and design patterns
  
 
   Software system design experience to include web and/or cloud-based systems
  
 
   Professional experience with Object Oriented programming languages, such as C#, PowerShell and/or Java
  
 
   Excellent customer service, collaboration, and presentation12:skills.13:Strong written and verbal communication skills
  
 
   Excellent problem solving and troubleshooting skills
 
  
  
  PREFERRED QUALIFICATIONS
  
  
 
   CI/CD experience with Azure, AWS, GCP and/or related cloud application infrastructure
  
 
   Knowledge of software development and programming languages - C#, C, Java, REST, HTML, XML, JSON, Python, Docker, shell scripting
  
 
   Experience participating in projects of increasing size and complexity including the utilization of project planning and project dashboard tools
  
 
   DevOps related tools and technologies (JIRA, Confluence, Bitbucket, Jenkins, Ansible, Puppet, Coverity,14:etc.)15:Industry certification like CISSP, CEH, CCSP and/or CIS is a16:plus.17:SUMMARY OF EXPERIENCE
  
  
 
   Advanced knowledge in the area of Identity Management
  
 
   Experience with software testing, engineering and/or system administration
  
 
   “Devops”/Agile experience (highly preferred)
  
 
   Experience with cloud computing
  
 
   Experience with diagnosing and troubleshooting system problems in a complex, heterogeneous systems environment 
 
 
   Experience with Identity Federation and Identity Lifecycle Services 
 
 
   MS Azure or other cloud and web based systems 
 
 
   Experience with building and maintain large enterprise Identity Management deployments 
 
 
   Experience with leading product evaluations, planning, gathering requirements, testing, recommending and implementing solutions0:Are you someone who likes to collaborate with team members to solve technical1:problems?2:We are passionate about building a cloud solution for our internal and external customers and partners and value eternal curiosity, technical capability, and a drive for efficiency.3:In this role you will collaborate with product and development teams on building and automating solutions, managing the cloud infrastructure, building and owning code deployment procedures, and improving operational efficiency of our Enterprise Products.4:You are a great fit for this role if you are: 
  
  Experienced with scripting, automation, infrastructure-as-code, and monitoring to minimize outages in cloud or hybrid-cloud infrastructures 
  Comfortable designing, building, automating, and supporting a Windows based multi-tier5:architectures.6:At Delta Dental of Washington our vision is that all people can enjoy good oral and overall health, with no one left7:behind.8:We succeed because of a shared commitment to a set of values that guide everything we do – for our customers, for our communities, and for each other.9:We are Accountable.10:We lean in with Courage.11:We stay Curious.12:We are Inclusive.13:We act with Integrity.14:We offer a highly competitive medical, dental and vision plans as well offering an 8% 401k match and all employees start accruing vacation and sick time from their very first15:day.16:We empower employee development through our tuition reimbursement plan, professional development plans, and employee-led communities.17:The pay range for this position for Western Washington varies between18:$95,160.00 – $135,420.00, and for Eastern Washington varies between $76,830.00 - $109,335.00.19:Washington Dental Service and its affiliates, including Delta Dental of Washington and Arcora Foundation, intends to offer the selected candidate a base pay within this range, dependent on job-related, non-discriminatory factors such as experience.20:Base pay will also be adjusted based on the candidate's geographic location.21:Essential Responsibilities include the following: The list of responsibilities listed is not intended to be22:comprehensive.23:Washington Dental Service and its affiliates, including Delta Dental of Washington and Arcora Foundation reserve the right to change the responsibilities at any time with or without notice.24:Provision, manage and maintain the Windows and AWS infrastructure/services that supports our environments 
  Support and develop tools to automate tasks for code and infrastructure deployment and monitoring 
  Use IT Service Management (ITSM) tools to triage and respond to incidents and customer issues 
  Improve performance, scalability, and cost-efficiency of systems and services 
  Execute, or work with development teams on, remediation of security vulnerabilities 
  
 Experience, skills, and education do you need to have to succeed in the position: The requirements listed below are representative of the knowledge, skill, and/or ability required to successfully perform the essential functions of the25:position.26:3+ years’ experience designing, building, and deploying Windows based solutions on AWS Well-Architected framework (other cloud providers will be considered if skill are transferrable) in a software development, DevOps/SRE or cloud engineer capacity 
  3+ years' experience with Microsoft Windows Server operating systems (2012 and newer) 
  Experience writing CloudFormation templates, PowerShell, and/or Python scripts to provision and configure infrastructure in AWS 
  Automation and orchestration (Puppet, Chef, Ansible, Terraform, Kubernetes, etc) tools and technologies 
  Good grasp of cyber security and ability to apply in a regulated environment 
  Ability to prioritize work effectively to meet team, department, and company27:goals.28:Hands-on experience in the following technologies is helpful: 
  
  Identity and Access Management29:(e.g.30:Cognito, Auth0, SiteMinder, Okta) 
  AWS application infrastructure31:(e.g.32:WAF, ELB, API Gateway, CloudFront, Docker) 
  Infrastructure as Code33:(e.g.34:CDK, Lambda, CloudFormation) 
  Application Performance Management35:(e.g.36:Dynatrace, New Relic) 
  
 Washington Dental Service and its affiliates, including Delta Dental of Washington and Arcora Foundation is an Equal Opportunity/Affirmative Action37:employer.38:All qualified applicants will receive consideration for employment without regard to race, color, religion, sex, sexual orientation, gender identity, national origin, disability, or protected veteran status.39:Equal Opportunity Employer/Protected Veterans/Individuals with Disabilities
  The contractor will not discharge or in any other manner discriminate against employees or applicants because they have inquired about, discussed, or disclosed their own pay or the pay of another employee or40:applicant.41:However, employees who have access to the compensation information of other employees or applicants as a part of their essential job functions cannot disclose the pay of other employees or applicants to individuals who do not otherwise have access to compensation information, unless the disclosure is (a) in response to a formal complaint or charge, (b) in furtherance of an investigation, proceeding, hearing, or action, including an investigation conducted by the employer, or (c) consistent with the contractor’s legal duty to furnish information.42:41 CFR0:Who we are 
  At Cloudticity, our mission is to make every human on earth healthier by enabling healthcare organizations to leverage public clouds like AWS and GCP to deliver modern innovations and key1:insights.2:We enable healthcare organizations to be more effective at what they do by providing them with the tools, infrastructure, and guidance to build highly secure, available, and scalable solutions.3:Our Cloudticity Oxygen™ platform automates the vast majority of managed services tasks.4:As a result, we provide the most secure, agile, and responsive managed services available to the healthcare industry today.5:Data, analytics, and predictable forecasts are becoming increasingly important to us as our company reaches its next phase of maturity and reporting requirements.6:We are adding a Cloud Engineer to our team to support our rapid7:growth.8:As a customer-centric Cloud Engineer, you will be responsible for the day-to-day operation of Cloud Engineering, working with customers on professional services engagements, Cloudticity’s help desk, and customer support services.9:Responsibilities include: 
  
  Provide timely and effective solutions for customer10:requests.11:Ensure overall customer satisfaction with help desk12:requests.13:Identify, analyze and resolve infrastructure vulnerabilities and application deployment14:issues.15:Periodic on-call rotations for 24/7 support16:requests.17:Expand your AWS/GCP experience and18:skills.19:Ongoing support of L2 Support Engineering tasks (deployments of new services)
 
  
  
  We are seeking someone with: 
  
  Authorized to work in the20:U.S.21:Practical experience with AWS of at least three22:years.23:Basic knowledge of networking and network layer24:topology.25:Basic understanding of Windows and Linux operating26:systems.27:AWS Solutions Architect Associate certification (or better)28:required.29:AWS Developer/Terraform Developer Associate certifications30:preferred.31:Real World experience w/GCP and experience deploying Terraform on GCP32:preferred.33:Passion for delivering outstanding customer34:service.35:Superior verbal and written36:communication.37:Seriously, this is important.38:Demonstrated ability to thrive in a fast-growing, dynamic39:company.40:Willing to be part of an on-call41:rotation.42:Willing to (sometimes) work off-hours during maintenance windows as work43:requires.44:Some cool perks of working here:
  
 
  
   An opportunity to work with a highly collaborative and entrepreneurial company with great coworkers who enjoy having fun and working45:hard.46:Competitive salaries and annual47:bonuses.48:Comprehensive health insurance available (medical, dental, and vision) for you and your49:family.50:Ridiculously flexible Paid Time Off and working hours/location51:policies.52:Employer-matching 401(k)53:plan.54:Choice of top-end MacBook or Windows55:laptop.56:Work from57:home.58:Forever.59:Cloudticity is an Equal Opportunity60:Employer.61:At Cloudticity, almost everything matters except your age, gender, identity, the color of your skin, how you relate to the universe, who you choose to sleep with, or anything else of that nature.62:Our culture unites us, and we celebrate all our differences with fervor.63:If you’re smart and passionate about healthcare technology, we’ll embrace you just as you are.0:Senior Electrical Engineer
Job Type: Full-timeSchedule: 8-hour shift, Monday through FridayOffice Location: Seattle,1:WA.Salary: Commensurate with experience, target range $140K-$170K.2:Job Description
RPA Engineering is searching for a Senior Electrical Engineer to support one of our clients in Bothell,3:WA.4:The role provides onsite electrical project management support for capital and major-maintenance engineering projects.5:The candidate will focus on production of construction documents, including drawings and specifications for a variety of projects.6:The role can expand into supporting other clients in the same geographical area.7:Education & Experience
Required8:B.S.9:Electrical Engineering.10:Equivalent work experience may be accepted for otherwise well-qualified candidates.11:Professional Engineer (PE) licensure in the state of Washington.12:6+ year of electrical engineering experience.13:Strong technical background with power distribution and design.14:Able to design electrical systems in addition to drafting/modeling skills.15:Experienced in managing contract resources and working with outside suppliers.16:Proficiency with electrical codes including the NEC and NESC.17:Advanced skills in MS Word, MS Excel, MS Project.18:Advanced skills in Revit and AutoCAD.19:Preferred

 SKM or ETAP software20:experience.21:Capable of multi-tasking, interacting with other resources to accomplish tasks and a highly organized individual.22:Tasks, Responsibilities, and Utilized Skills

 Preparation and/or modification of one-line drawings, sketches, bills of materials, panel schedules, schematics, wiring termination drawings, lab layout, and cable23:routing.24:Field walkdown of client sites, equipment, and panels.25:Sizing of conduits, sizing of cables for power distribution, data systems, and telecommunications equipment.26:Interact productively with clients, managers, contractors, and coworkers within the company.27:Review of contractors’ and vendors’ shop drawings and submittals.28:Preparation of contractor’s scope of work and bid documents.29:Ability to work independently and collaboratively with multi-disciplinary teams.30:Self-starter who takes direction well and is driven.31:Company Benefits

 Excellent work-life balance and flexible work schedule
 Growth opportunities within the organization
 Paid time off, sick time, and overtime
 401(k) matching
 Insurance plans (health, dental, vision, life,32:etc.)33:RPA Engineering is a professional engineering consulting firm offering comprehensive mechanical, electrical and process engineering, machine design, structural analysis services, project management, and34:CQV.35:Operating for more than 30 years, RPA provides high quality, cost-effective engineering and design services from its multiple locations; and onsite corporate services.36:RPA Engineering was named in 2010 to the Inc.37:5000 list of fastest growing U.S.38:based entrepreneurial companies.39:As part of the list, RPA Engineering was named as one of the top 100 Engineering firms in the country.40:RPA Engineering is an equal opportunity, affirmative action employer of protected veterans (M/F/D/V).41:Attention Search Firms / Third Party Recruiters: RPA Engineering is not seeking assistance or accepting unsolicited resumes from search firms for employment opportunities with RPA Engineering.42:Regardless of past practice, all resumes submitted by search firms to any employee at RPA Engineering via e-mail, the Internet or directly to hiring managers at RPA Engineering in any form without a valid written search agreement in place for a specific position will be deemed the sole property of RPA Engineering, and no fee will be paid in the event a candidate is hired by RPA Engineering as a result of the referral or through other means.43:Posting #: 23-009
Job Type: Full-time
Pay:44:-45:per year
Benefits:

 401(k)
 401(k) matching
 Dental insurance
 Flexible schedule
 Health insurance
 Paid time off
 Referral program
 Retirement plan
 Vision insurance

Schedule:

 8 hour shift
 Monday to Friday

Ability to commute/relocate:

 Bothell, WA: Reliably commute or planning to relocate before starting work (Required)

Experience:

 electrical engineering: 6 years (Required)

Language:

 English (Required)

License/Certification:

 PE license in the state of Washington (Required)

Work Location: In person0:Swyfft Holdings, LLC, consists of Swyfft, LLC and Core Programs,1:LLC.2:Both are fast-growing, tech-enabled MGA’s that are disrupting the traditional insurance industry by re-imagining how you price and bind home insurance and commercial package products.3:From lightning-fast quotes to hassle-free claims servicing, Swyfft Holdings, LLC leverages big data to provide the very best customer service experience in the industry.4:We're growing, we’re expanding and we're looking for “tech-savvy” folks like you to join our team!5:About the Position:
  
  
  As a Senior Data Engineer, you will be instrumental in supporting the development and use of our data6:systems.7:Your goal is to ensure that information flows timely and accurately to and from the organization as well as within.8:As a successful Senior Data Engineer will bring forth a strong understanding of databases and data analysis procedures.9:You are a highly technical SQL expert with strong problem-solving skills and excellent troubleshooting capabilities.10:In a perfect world, you might even have some previous experience working for an insurtech or an analytics measurement platform.11:This position is a 100% remote12:U.S.13:based opportunity.14:Some travel for day-to-day work, team meetings, and training will be required.15:Key Responsibilities: (What you'll be asked to do)
  
  
  
  Build efficient ways to organize, store and analyze data while maintaining availability and16:consistency.17:Create processes and enforce policies for effective data18:management.19:Formulate techniques for quality data collection to ensure adequacy, accuracy and legitimacy of20:data.21:Devise and implement efficient and secure procedures for data handling and analysis with attention to all technical22:aspects.23:Establish rules and procedures for data sharing with upper management and external24:stakeholders.25:Support others in the daily use of data systems and ensure compliance to legal and company26:standards.27:Provide assistance with reports and data extraction when28:needed.29:Monitor and analyze information and data systems and evaluate their performance to discover ways of enhancing them (such as new technologies and30:upgrades).31:Ensure digital databases and archives are protected from security breaches and data32:losses.33:Troubleshoot data-related problems and authorize maintenance or modifications
 
  
  
  The Successful Candidate: (what we're looking for)
  
  
  
  You have a strong understanding of databases and data analysis34:procedures.35:You have an analytical mindset and strong problem-solving36:skills.37:You have excellent communication and collaboration38:skills.39:You have intense attention to detail and quality40:assurance.41:Some Requirements:
  
  
  
  Expertise in SQL (MS and42:PostgreSQL).43:Familiarity with modern database and information system44:technologies.45:Expertise in both Tableau Desktop and46:Server.47:7+ years of experience as a data48:manager.49:Excellent understanding of data administration and management functions such as collection, analysis, and50:distribution.51:Understanding of data warehousing and star52:schemas.53:Basic familiarity with predictive analysis and data visualization54:techniques.55:Solid understanding of R and Python environment configuration and basic56:programming.57:Expert level in Microsoft58:Excel.59:Understanding of spatial database functionality is a60:plus.61:Education:
  
  
  
  Bachelors’ degree or equivalent experience required in a related62:field.63:Advanced degrees or Certifications are a64:plus.65:Computer Skills:
  
  
  
  You are familiar with predictive analysis and data visualization techniques using relevant tools such as: Tableau, Dataiku, R,66:Python.67:Must be proficient with MS Office and other internal insurance related programs, systems or68:applications.69:Ability to communicate effectively using programs such as Slack & MS70:Teams.71:You are comfortable sharing screens and video chatting.72:Other:
  
  
  
  Reliable high-speed internet connectivity73:required.74:Designated quiet work from home75:space.76:We Have a Great Benefits77:Package!78:20 days of PTO annually 
  Medical, Dental, Vision 
  Short- and Long-Term Disability (Company Paid) 
  Life & AD&D (Company Paid) 
  Healthcare, Dependent Care and Transit FSA 
  401K with a generous matching contribution and no vesting schedule
 
  
  
  It is the policy of Swyfft to provide equal employment opportunities to all employees and applicants for employment without regard to race, religion, color, ethnic origin, gender, gender identity, age, marital status, veteran status, sexual orientation, disability, or any other basis prohibited by applicable federal, state, or local79:law.80:EOE/AA/M/D/V/F.81:Please Note: Swyfft is not accepting 3rd party agency resumes for this position, please do not forward resumes to our careers email address or Swyfft82:employees.83:Swyfft will not be responsible for any fees related to unsolicited resumes.0:Company Background
Landmark Global are the experts in international delivery by combining postal networks and alternative delivery1:providers.2:We are part of the North American division of bpost, Belgium’s national postal service, with expertise in parcels & logistics.3:Bpost employs more than 20,000 people, handles billions of shipments per year and delivers to more than five million addresses every day.4:For more than a decade, Landmark Global, with its roots in SoCal, has enabled our customers to expand globally.5:Our business has grown from basic international mail and parcel delivery to full service, end-to-end solutions.6:This includes parcel delivery, fulfillment, proprietary technology and trade consulting, which provide our clients the capability to sell to millions of customers worldwide.7:We are strategically located close to our customers worldwide, covering most time zones.8:Our technology is web-based, scalable and agile.9:Mercury, our proprietary web-based software, was developed on the foundations of our logistics expertise and client requests.10:We provide a flexible application that works with any existing technologies.11:Position Summary
We’re growing quickly across 4 continents and have many exciting technologies to12:support!13:We are looking for someone with strong knowledge and experience of supporting cloud & internal server infrastructure to support our flagship, homegrown web application in addition to other corporate systems.14:This position will help transform our infrastructure to the next level of automation, security and stability.15:Job Description
Core responsibilities will include the following areas:
● Maintain and monitor the cloud infrastructure in16:AWS.17:● Deploy/Update cloud instances using Chef.18:● Define network and security structure using CloudFormation.19:● Check for security issues in AWS using tools such as Trendmicro Cloud Conformity and Rapid 7 IDR.20:● Maintain and monitor the network infrastructure between AWS and our 10+ North America locations.21:● Create/maintain scripts to automate processes.22:● Research new technology for improvements
● Work closely with the Development and IT Operations teams to provide needed tools and23:resources.24:● Additional duties as assigned.25:Position Requirements
● 4-6 years relevant work26:experience.27:● Bachelor’s degree preferred, but not required.28:● Strong knowledge of Chef and other services offered in AWS.29:● Experience with application containerization (Docker, Kubernetes).30:● Experience with vagrant with Virtualbox and QEMU.31:● Experience with implementation of CI/CD.32:● Strong understanding of cloud security.33:● Strong knowledge of Linux operating system.34:Landmark Global is an equal opportunity employer.35:All qualified applicants will receive consideration for employment without regard to age, ancestry, color, family or medical care leave, gender identity or expression, genetic information, marital status, medical condition, national origin, physical or mental disability, political affiliation, protected veteran status, race, religion, sex (including pregnancy), sexual orientation, or any other characteristic protected by applicable laws, regulations, and ordinances.36:Landmark Global is committed to ensuring that its online application process provides an equal employment opportunity to all job seekers, including individuals with disabilities.37:If you believe you need a reasonable accommodation in order to search for a job opening or to submit an application, please contact us by visiting www.landmarkglobal.com.38:We will work to assist disabled job seekers whose disability prevents them from being able to apply online.39:Candidate Privacy Notice – Learn about how we use the personal data you submit as a job applicant by visiting our website at40:Job Type: Full-time
Pay:41:-42:per year
Benefits:

 401(k)
 Dental insurance
 Employee assistance program
 Health insurance
 Life insurance
 Paid time off
 Referral program
 Vision insurance

Compensation package:

 Bonus pay

Schedule:

 8 hour shift
 Monday to Friday

Experience:

 CI/CD implementation: 2 years (Required)
 Cloud infrastructure maintenance: 2 years (Required)
 Chef: 3 years (Required)

Work Location: Remote0:LauraMac is one of the leading providers of technology for companies acquiring assets in the mortgage secondary1:market.2:The company provides a unique client experience allowing all participants in a transaction (buyers, sellers, and third-party due diligence providers) to participate in the process and in the technology in real-time.3:State-of-the-art proprietary document recognition and data extraction models use deep learning and AI to start the process of validating documents and data.4:Configurable workflow allows clients to design the asset acquisition and due diligence process to fit their needs irrespective of the asset class and the level of review required on the loan.5:A robust rules engine allows clients to design their own findings and rules to automate tasks and create an exception-based review.6:This is a modern SaaS technology designed by mortgage professionals and built by experienced engineers.7:We are seeking an experienced and highly skilled Senior Cloud Engineer to join our dynamic IT8:team.9:As a Senior Cloud Engineer, you will play a critical role in designing, implementing, and maintaining our cloud infrastructure and services.10:You will be responsible for managing cloud environments on both AWS and Azure, optimizing system performance, ensuring high availability, and driving continuous improvements through efficient release management using CI/CD pipelines.11:The Basics12:1.13:Cloud Infrastructure Management:14:a.15:Design, deploy, and maintain cloud environments on AWS and Azure, ensuring scalability, reliability, and security of the infrastructure.16:b.17:Monitor and optimize cloud resources to achieve maximum performance and cost-effectiveness.18:c.19:Collaborate with the team to implement best practices and ensure compliance with security standards and policies.20:2.21:New Relic Monitoring and Analysis:22:a.23:Leverage New Relic to monitor application and infrastructure performance.24:b.25:Analyze data and metrics to identify areas for improvement, troubleshoot issues, and proactively address potential bottlenecks.26:3.27:Release Management and CI/CD Pipelines:28:a.29:Develop, maintain, and optimize CI/CD pipelines to automate application deployments and releases.30:b.31:Coordinate and execute seamless releases across development, staging, and production environments.32:c.33:Troubleshoot deployment-related issues and provide timely resolutions.34:4.35:Performance and Load Testing:36:a.37:Conduct performance testing and load testing to ensure applications can handle expected user loads and identify performance bottlenecks.38:b.39:Implement strategies to improve application performance and reliability.40:5.41:Infrastructure Automation:42:a.43:Develop and manage infrastructure as code (IaC) using tools like Terraform, AWS CloudFormation, or Azure Resource Manager templates.44:b.45:Automate repetitive tasks and processes to increase efficiency and reduce manual interventions.46:6.47:Security and Compliance:48:a.49:Implement and maintain security measures to protect cloud infrastructure and applications from potential threats.50:b.51:Ensure compliance with industry regulations and company security policies.52:7.53:Team Collaboration:54:a.55:Collaborate effectively with cross-functional teams, including development, operations, and security teams.56:b.57:Mentor and guide junior team members in cloud engineering best practices.58:What You Bring 
 Experience
  
  
 
 
   Bachelor's degree in Computer Science, Information Technology, or related field (or equivalent work59:experience).60:5+ years of hands-on experience in cloud engineering, with a focus on AWS and61:Azure.62:Proficiency in using New Relic & CloudWatch for monitoring and63:analysis.64:Strong understanding of CI/CD pipeline development and release management65:practices.66:Experience with infrastructure as code (IaC) tools like Terraform or67:CloudFormation.68:Familiarity with containerization technologies69:(e.g., Docker, Kubernetes) is a plus.70:Solid understanding of networking concepts and security principles in cloud71:environments.72:Demonstrated ability to troubleshoot complex issues and provide effective73:solutions.74:Excellent communication skills and the ability to work collaboratively in a team75:environment.76:Relevant certifications77:(e.g., AWS Certified Solutions Architect, Azure Certified DevOps Engineer) are a plus.78:Join our innovative team and contribute to the ongoing success of our cloud infrastructure and79:services.80:As a Senior Cloud Engineer, you will have the opportunity to make a significant impact on the organization's technical landscape while growing your skills and expertise in cloud technologies and DevOps practices.81:Compensation Details - $110,000-$125,000 per82:year.83:Compensation is based on candidate’s level of experience.84:What We Bring - LauraMac offers an extensive benefits package, including medical, dental,85:vision!86:- Flex paid time off policy.87:LauraMac is committed to equal opportunity in all employment practices to all qualified applicants and employees without regard to race, color, religion, gender, gender identity, sexual orientation, age, national origin, pregnancy, disability, genetics, marital status, military or veteran status or any other protected category as established by local, state, and federal88:law.89:This policy applies to all aspects of the employment relationship including recruitment0:**this role is open to fully remote work**
  
  
 At Starbucks, our mission is to inspire and nurture the human spirit – one person, one cup, and one neighborhood at a1:time.2:Starbucks Technologists work to achieve this mission using cutting-edge technology delivered to our partners, customers, stores, roasters, and global communities.3:We are looking for talented Senior Full-Stack developers with AWS Connect Telephony experience to join us as we make a meaningful impact on Starbucks technology, our Partners, and our4:customers.5:This position contributes to Starbucks success by delivering high-quality, reliable, and stable technologies and security capabilities in support of the Starbucks Telephony platform which manages numerous call centers with a combined total of over 10 million calls per6:year.7:This position is accountable for the installation, configuration, monitoring, analysis, maintenance, and technical support of the platform.8:This role will also help ensure our systems model and performs in accordance with Starbucks guiding principles.9:Summary of Key Responsibilities 
 
  Communicates highly complex ideas and concepts to non-technical peers and customers 
  Ability to establish cross-functional, collaborative relationships with business and technology partners 
  Support the development team and perform activities to resolve developer issues in a timely and accurate fashion 
  Engineer build and release processes 
  Ability to effectively manage and partner with technology vendors to deliver against business objectives 
  Conducts research and makes recommendations on standards, products, and services 
  Ensures application and infrastructure architectural solutions are stable, secure, and compliant with Company standards and practices 
  Implements all technologies in accordance with Information Security's guiding principles for highly sensitive data 
  Provide high-availability operational support and automate solutions across the environment 
  Implements deep telemetry capabilities to provide ongoing success and performance metrics 
  Implements service monitoring across all platforms to ensure continuous availability and operational continuity of critical systems 
  Upholds company policies, and legal/regulatory requirements, such as PCI 
  Implements and maintains system configurations and baselines to support secure application development software control best practices and standards0:At Pulumi, we're building the Cloud Engineering Platform enabling the future of developer-first1:infrastructure.2:We believe that programming the cloud should be just as productive, joyful, and flow-inducing as your local dev loop.3:We want to make janky internal developer portals and homegrown infrastructure DSLs a thing of the past.4:Every engineer deserves delightful tools.5:We employ a unique philosophy toward achieving this goal: 
  
  We succeed and fail as a team 
  An inclusive environment bubbles the best ideas to the top 
  Our customers sit at the center of every decision 
  We achieve the best results through openness and honesty, even when uncomfortable 
  Work smart, but bias for action and results 
  Our natural curiosity for technology keeps us always learning 
  Think big, dream, and define the future of engineering in the cloud 
  
 While Pulumi is headquartered in Seattle,6:WA., we are dedicated to being a remote first company.7:This role will be located remotely in the United States.8:Responsibilities: 
  Our team builds the SaaS offering built on top of the Pulumi OSS9:project.10:Thousands of companies rely on our Cloud Engineering Platform to be productive and ship software to their customers every day.11:We deliver features that enable enterprises to adopt Pulumi at scale and reimagine the way that developers interact with infrastructure.12:We believe that internal developer portals can be a joy to use.13:We ship applications, APIs, and services to make that a reality.14:On any given day at Pulumi you might find yourself: 
  
  Shipping new SaaS features end to end from collecting customer feedback to architectural design and delivery 
  Working with our UX designers to craft and instrument a new and delightful onboarding flow 
  Building out infrastructure, backend APIs, and frontend UI to enable full-text search over the full corpus of Pulumi-managed cloud resources 
  Designing and building the next version of core security features like role-based access control 
 
 We're Looking For Someone With: 
  We're hiring motivated engineers from entry-level to principal, but it helps if you have experience and excitement for: 
  
  Backend engineering in a language like Go, C#, Java,15:etc.16:Frontend engineering in JavaScript/TypeScript and a modern web development framework like React, Angular, or17:Vue.18:Schema, index, and query design for MySQL or Postgres 
  Experience designing cloud infrastructure on AWS, Azure, GCP, or19:Kubernetes.20:Ability to learn elasticsearch, prompt engineering, and applied ML/AI/LLM21:engineering.22:Compensation: 
 
  Base Salary Hiring Range: $180,500 to $227,850 
  All full time employee offers at Pulumi include base salary, bonus or variable, equity and benefits (details23:below).24:Pulumi Benefits: 
   
   Health - We offer competitive medical, dental, vision, and supplemental25:insurance.26:It is free for our direct employees to be on our insurance.27:Time Off - Unlimited personal time off (PTO) we ask that employees take at least 3 weeks off during the year in addition to the two annual company-wide wellness weeks and 13 US28:holidays.29:401K with employer match 
   Parental Leave - 20 weeks paid parental leave for the birthing parent or primary caregiver, and 16 for non-birthing parent or secondary30:caregiver.31:Remote-First - We are a 100% remote-first company with employees in nearly 20 states, and growing internationally; we encourage asynchronous communication and32:autonomy.33:We also provide an annual work from anywhere fund to help cover the employee costs of working remotely.34:Professional Development & Growth - We encourage a lifelong learning mindset and every employee is given an annual professional development35:budget.36:Equity - As a small but growing startup, we all act like owners and you will earn equity in the37:company.38:Additional Funds - We offer employees a monthly wellness fund to be spent on anything physical and/or mental wellbeing39:related.40:We also provide a quarterly happiness fund to be used toward anything that makes our employees happy!41:About Pulumi: 
   Pulumi is reimagining how developers and DevOps teams create and manage cloud software, through a unique combination of developer tools and system42:innovation.43:The company leads with an open source platform that embraces real programming languages, tools, and techniques, and offers an innovative SaaS product that helps team collaborate.44:Pulumi was founded in 2017 by developer and cloud experts from many corners of our industry to deliver innovative approaches to cloud software45:development.46:Since emerging from stealth in mid-2018, we are accelerating our platform momentum and product adoption.47:The team is built on a culture of openness, diversity, respect, and thinking big.48:At Pulumi, we don't just accept difference, we look for it, celebrate it, support it, and thrive on it for the benefit of our employees, our products, and our49:customers.50:Pulumi is proud to be an equal opportunity workplace and is committed to equal employment opportunities regardless of race, color, ancestry, religion, sex, national origin, sexual orientation, age, citizenship, marital status, disability, gender identity, or Veteran status.51:If you have a disability or special need that requires accommodation, please let us know.0:Minimum qualifications:
  
  Bachelor's degree in Computer Science or equivalent practical1:experience.2:4 years of experience in data center architectures and components3:(i.e., servers, storage, backup, networking, virtualization technology).4:Experience in cloud migration, disaster recovery, application/servers assessment, and5:discovery.6:Preferred qualifications:
  
  Master's degree in Computer Science or related technical7:field.8:Experience with deployment methodologies and technologies (CI/CD, Chef, Puppet,9:Ansible).10:Experience with one or more of the following: public cloud platforms, infrastructure, storage,11:platforms.12:Experience in areas of networking including Linux, software-defined networking, virtualization, open protocols, application acceleration and load balancing, DNS, virtual private networks, and their application to PaaS/IaaS13:technologies.14:Experience in security matters15:(e.g., authentication protocols, identity and access management systems, key management systems, encryption, securing cloud architectures, network, and end-points security).16:Experience with Linux system administration or Enterprise17:applications.18:About the job
   The Google Cloud Platform team helps customers transform and build what's next for their business — all with technology built in the19:cloud.20:Our products are engineered for security, reliability and scalability, running the full stack from infrastructure to applications to devices and hardware.21:Our teams are dedicated to helping our customers — developers, small and large businesses, educational institutions and government agencies — see the benefits of our technology come to life.22:As part of an entrepreneurial team in this rapidly growing business, you will play a key role in understanding the needs of our customers and help shape the future of businesses of all sizes use technology to connect with customers, employees and partners.23:As a Customer Engineer, you will work to introduce Google Cloud to our24:customers.25:You will help prospective/existing customers and partners understand the power of Google Cloud, develop creative cloud solutions and architectures to solve their business challenges, and problem-solve any potential technical roadblocks.26:Google Cloud accelerates organizations’ ability to digitally transform their business with the best infrastructure, platform, industry solutions and expertise.27:We deliver enterprise-grade solutions that leverage Google’s cutting-edge technology – all on the cleanest cloud in the industry.28:Customers in more than 200 countries and territories turn to Google Cloud as their trusted partner to enable growth and solve their most critical business problems.29:The US base salary range for this full-time position is $139,000-$213,000 + bonus + equity + benefits.30:Our salary ranges are determined by role, level, and location.31:The range displayed on each job posting reflects the minimum and maximum target for new hire salaries for the position across all US locations.32:Within the range, individual pay is determined by work location and additional factors, including job-related skills, experience, and relevant education or training.33:Your recruiter can share more about the specific salary range for your preferred location during the hiring process.34:Please note that the compensation details listed in US role postings reflect the base salary only, and do not include bonus, equity, or benefits.35:Learn more about benefits at Google.36:Responsibilities
   
   Utilize technical experience to help customers determine if Google Cloud Platform is right for37:them.38:Prepare and deliver product messaging in an effort to highlight Google Cloud Platform value proposition and unique differentiators using whiteboarding, slide presentations, product demonstrations, trial management, and Request for Information (RFI) response39:documents.40:Work with Google Cloud Platform products to demonstrate and prototype integrations in customer/partner41:environments.42:Provide recommendations on integration strategies, enterprise architectures, and platforms/application infrastructure required to successfully implement a complete43:solution.44:Provide advice to customers to optimize Google Cloud Platform45:effectiveness.46:Google is proud to be an equal opportunity workplace and is an affirmative action47:employer.48:We are committed to equal employment opportunity regardless of race, color, ancestry, religion, sex, national origin, sexual orientation, age, citizenship, marital status, disability, gender identity or Veteran status.49:We also consider qualified applicants regardless of criminal histories, consistent with legal requirements.50:See also Google's EEO Policy and EEO is the Law.51:If you have a disability or special need that requires accommodation, please let us know by completing our Accommodations for Applicants form.0:AltaSource Group is seeking a Cloud Engineer for our industry leading global wealth1:client!2:Position Summary
   
 
 
   The Cloud Engineer is responsible for designing, implementing, and supporting the foundational AWS infrastructure including but not limited to AWS organizations/accounts, Landing Zone, networking, security, identity, and targeted business3:applications/integrations.4:They work as part of the larger Cloud organization consisting of Networking, IT Security, Development, Operations, and Site Reliability Engineering teams to build effective, secure, and scalable solutions to meet explosive business growth.5:This is a highly technical role focused on driving integration and convergence efforts to consolidate the organization's acquisition AWS resources, policies, and6:procedures.7:They will work closely with the client and acquisition stakeholders to align configuration requirements and establish connectivity between AWS, Azure, and Data Center environments.8:You day to day duties will9:be…10:Develop and maintain AWS Landing Zone resources such as accounts, VPCs, IAM,11:etc.12:Work closely with Morgan Stanley and acquisition Cloud Security/Engineering staff to align security policies, IaC blueprints, and security guardrails.13:Implement network connectivity between various Cloud Providers and Organizations
   Create and maintain approved Terraform IaC modules to ensure consistency and security
   Assist with application migrations from acquisition AWS14:Orgs.15:to Morgan Stanley Org.16:Design and implement best practices for operational excellence, security, reliability, performance, efficiency, and cost optimization across Cloud platforms
   Create and maintain documentation related to the Morgan Stanley Cloud Program
   Mentor junior team members on secure Cloud Ops design principles and IaC
 
 
 
   Your skill set should17:include…18:Bachelor's degree in Information Technology or equivalent experience
   AWS Cloud Architect Associate certification or equivalent
   5+ years' AWS technical experience, preferably in Financial Services
   Strong knowledge of Terraform, source control, and CI/CD pipelines (Github Actions)
   Strong Cloud Architecture, Networking, Security, and Operations knowledge
   Experience with Access Management technologies, best practices, and IdP (Okta)
   Experience working with Linux/UNIX and Docker or other container technologies
   Familiarity with DMZ based network architectures and associated infrastructure
   Able to work as part of a high performing, collaborative team with limited supervision
 
 
   
   Pay Rate: Up to $80/hr DOE
   This position is an onsite contract role with the potential to extend or convert19:full-time.20:Our client is unable to consider candidates who require visa sponsorship for this role.21:Please no corp-to-corp.22:AltaSource Group provides paid medical, dental, vision benefits for all of our23:consultants!24:We are one of the NW's unique TaaS (Talent as a Service) vendors that pride ourselves in individual, specialized attention not mass marketing.25:Your recruiter for this role will be:
   Bailey McClanahan26:IND1230:The Azure Backbone Networking Team is growing and we’re looking for a creative and hard-working Cloud Network Engineer who can combine networking experience with software development fundamentals to help build the world’s best private backbone1:network.2:We’re passionate about automating every facet of the network to converge on a self-growing, self-healing network.3:We want engineers that are equally passionate and can look at the problems with a Customer's perspective to create user experiences that truly enable and empower Technicians, Engineers and Planners.4:Focusing on the global optical network, and working closely with partner teams in Azure Networking, you’ll be a critical part of developing the hardware, network design and large-scale services that drive our network to5:autonomy.6:This will include owning components from design through to deployment, operations, and automation.7:This is a high visibile position in an area of expanding investment for Microsoft and offers a terrific opportunity for technical and career growth.8:Microsoft’s mission is to empower every person and every organization on the planet to achieve9:more.10:As employees we come together with a growth mindset, innovate to empower others and collaborate to realize our shared goals.11:Each day we build on our values of respect, integrity, and accountability to create a culture of inclusion where everyone can thrive at work and beyond.12:Responsibilities
  Network Design and Implementation
 
   Develops knowledge of optical network technologies to draw insights that aid in network design, standards, implementation, and13:operation.14:Develops an understanding of quality assurance and network or code review processes by assisting in identifying risks and classes of bugs and becoming familiar with essential details related to network implementation15:(e.g., physical connectivity, power, protocols, telemetry) and design qualification with guidance from other engineers.16:Maintain and Operate Networks
 
   Monitors optical network telemetry and performs basic analyses to triangulate failures, with guidance from other engineers; makes suggestions on possible monitoring improvements; participate in all efforts to automate repetitive tasks to reduce implementation time and avoid failures due to human17:error.18:Triages, troubleshoots, and repairs basic live site issues using troubleshooting guides and standard tooling with minimal disruption to customers; participates in on-call/Designated Responsible Individual (DRI) duties.19:Contributes to the development or modification of network automation tools with guidance from other engineers to make efficient use of infrastructure and resources by automating performance of various tasks related to network operations, testing, and incident management.20:Supports the management of incidents across one or more workstreams by applying technical knowledge to diagnose and triage issues with guidance from other engineers; takes notes during incidents and participates in post mortem and root cause analysis processes.21:Works within a team of engineers to manage network deployments; works with a machine-readable definition of the network deployment.22:Qualifications
 
   Required/Minimum Qualifications:
 
 
   2+ years technical experience in network design, development, and automation 
   
    OR Bachelor's Degree in Electrical Engineering, Optical Engineering, Computer Science, Engineering, Information Technology, or related field
   
   2+ years of Optical Communications and Dense Wavelength Division Multiplexing (DWDM) experience
 
 
   Other Requirements:
 
 
   Ability to meet Microsoft, customer and/or government security screening requirements are required for this23:role.24:These requirements include, but are not limited to the following specialized security screenings: Microsoft Cloud Background Check: This position will be required to pass the Microsoft Cloud background check upon hire/transfer and every two years thereafter.25:Preferred/Additional Qualifications:
 
 
   Knowledge of optical hardware and optical theory
   Exposure with Python, Go, REST, YAML, and Workflow systems
   Self-starter with proven ability to develop creative solutions that enable customers
   Knowledge of IP/ethernet networking fundamentals
   Interest and ability to research new and emerging technologies to better solve networking problems
   Ability to get hands dirty to fix problems and drive dependencies
 
 
 
   Cloud Network Engineering IC2 - The typical base pay range for this role across the26:U.S.27:is USD $76,400 - $151,800 per year.28:There is a different range applicable to specific work locations, within the San Francisco Bay area and New York City metropolitan area, and the base pay range for this role in those locations is USD $100,300 - $165,400 per year.29:Certain roles may be eligible for benefits and other30:compensation.31:Find additional benefits and pay information here:32:#azurecorejobs
  Microsoft is an equal opportunity33:employer.34:Consistent with applicable law, all qualified applicants will receive consideration for employment without regard to age, ancestry, citizenship, color, family or medical care leave, gender identity or expression, genetic information, immigration status, marital status, medical condition, national origin, physical or mental disability, political affiliation, protected veteran or military status, race, ethnicity, religion, sex (including pregnancy), sexual orientation, or any other characteristic protected by applicable local laws, regulations and ordinances.35:If you need assistance and/or a reasonable accommodation due to a disability during the application process, read more about requesting accommodations.0:Cloud Engineer - Contract 
 Visa: W2(USC/GC/H4/L2/GC-EAD/H1-B, Hire Friendly) 
 C2C 
 RATE 70-90 DOE 
 PLEASE APPLY ONLY VIA OUR WEBSITE 
 Website Job listing here: Job Listing 1348
  
  Description  15+ Years Experience Required Location:Seattle,WA
  
  Hybrid 2-3 days a week onsite
  
  Business Line: Business Unit Enablement Reports to: VP, Public Cloud Transformation Services - Modernization Enablement FLSA Status: Contract Date: June 2023 
 Basic Purpose: 
 The Cloud Engineer is responsible for designing, implementing, and supporting the foundational AWS infrastructure including but not limited to AWS organizations/accounts, Landing Zone, networking, security, identity, and targeted business1:applications/integrations.2:They work as part of the larger Cloud organization consisting of Networking, IT Security, Development, Operations, and Site Reliability Engineering teams to build effective, secure, and scalable solutions to meet explosive business growth.3:Primary Responsibilities: Develop and maintain AWS Landing Zone resources such as accounts, VPCs, IAM,4:etc.5:Work closely with acquisition Cloud Security/Engineering staff to align security policies, IaC blueprints, and security guardrails.6:Implement network connectivity between various Cloud Providers and Organizations Create and maintain approved Terraform IaC modules to ensure consistency and security Assist with application migrations from acquisition AWS Orgs.7:Design and implement best practices for operational excellence, security, reliability, performance, efficiency, and cost optimization across Cloud platforms Create and maintain documentation related to the Cloud Program Mentor junior team members on secure Cloud Ops design principles and IaC 
 Job Requirements: Bachelor's degree in Information Technology or equivalent experience AWS Cloud Architect Associate certification or equivalent 5+ years' AWS technical experience, preferably in Financial Services Strong knowledge of Terraform, source control, and CI/CD pipelines (Github Actions) Strong Cloud Architecture, Networking, Security, and Operations knowledge Experience with Access Management technologies, best practices, and IdP (Okta) Experience working with Linux/UNIX and Docker or other container technologies Familiarity with DMZ based network architectures and associated infrastructure Able to work as part of a high performing, collaborative team with limited supervision 
 
 Go to our Website Job listing here: Job Listing 1348 
 Please download and complete this Matrix prior to8:submission.9:PM 1348 
 Then 
 USE either "APPLY BUTTON" or "EAST APPLY BUTTON" TO SUBMIT RESUME AND SKILLS MATRIX 
 Job Listing 1348 
 The send an email to the listers email address with just candidate name and job10:number.11:NO need to attached resume or anything else.12:Thanks, 
 
 Jay Kernes 
 Certec Consulting, inc 
 Fax 888-523-7832 
 
 We are certified as a Women's Business Enterprise (WBE)